Brand,Processor_Speed,RAM_Size,Storage_Capacity,Screen_Size,Weight,Price
Asus,3.830295706209031,16,512,11.185147425848434,2.6410944247109853,17395.093064560457
Acer,2.9128329589730226,4,1000,11.311371797110466,3.2600122222442147,31607.60591926617
Lenovo,3.2416270596922305,4,256,11.853022680223374,2.029060648222903,9291.023542338657
Acer,3.8062484529432394,16,512,12.280360087854138,4.573865272745172,17436.72833420527
Acer,3.2680965857834963,32,1000,14.990877165430433,4.193472033364752,32917.990718167515
HP,1.8813476072856534,16,256,11.94395768001097,4.84026810552111,9543.719980129945
Lenovo,2.940720900417033,32,256,11.713246347062432,4.344846437589197,10390.137319215539
Lenovo,3.01678761595714,4,256,15.588314848857674,2.9411195361561955,9214.484505999935
Lenovo,2.560326678255965,4,512,15.026331703159487,2.743620076185271,16372.175283874409
Acer,3.341110589061807,32,512,13.611945328731418,4.0931489226598785,18501.83273321414
Asus,3.835917536922537,4,1000,14.295858628880623,3.0923383250314984,31967.607631536364
Lenovo,3.813921282266941,32,512,12.871904121958512,3.6986450472578496,18534.108629919712
Acer,2.6270984285103305,8,512,13.895002521412163,2.018772413079411,17495.98363758707
HP,1.783095114601888,16,256,14.040035893896475,2.1856571050414257,9731.982415267874
Asus,3.9621029974058364,8,256,13.323423627068575,3.6061038235449536,9831.389961542602
HP,3.5972452161148354,32,256,16.439433264032978,3.698214939344495,11038.928125612203
Asus,1.8116567030081672,16,256,11.096371189886037,4.254358833378031,8971.512504748447
Acer,3.802104706543431,32,256,15.693027578547477,2.3958959588718853,10915.05717304083
Dell,3.674740905155321,16,256,11.746296987447947,3.539549251270336,9637.891638203962
Asus,2.7970951428151802,16,256,15.785284163223196,2.5833429332950657,9593.110592180388
HP,2.9781885893623232,16,1000,14.695471494060328,2.279588358688084,31965.356609806408
Acer,2.4975067596753258,16,1000,16.059668545618415,3.2314873821816636,32025.836689022144
Asus,1.6369040970550783,32,1000,11.585085953845384,2.4900099442671717,32764.274431192793
Dell,2.3379931041147524,16,1000,14.353883804598645,2.6653459345769557,32114.820802570495
Dell,3.5071336214950284,16,256,14.006527281573183,2.9526637396085054,9929.514355970865
Lenovo,1.511580057511507,8,1000,15.237159097780152,2.7781652022295886,31623.814229676802
Lenovo,2.3337479292278607,4,256,14.205743311362054,2.2627738922178393,9264.933977469056
HP,2.4954217339773583,4,1000,14.244407402798625,2.2697487345791068,31549.79984535232
Asus,2.8434890073448074,8,512,13.577575661456388,2.5797482457025045,16729.550875026107
Asus,3.7996390410319014,8,1000,12.853006544044046,2.151677563878617,31747.60460557713
Lenovo,2.3658649859149032,32,1000,13.893586167513153,3.8793710590307815,32817.51657673146
Asus,2.367383004740569,32,256,11.710954152610404,2.8619801495267057,10605.76645913327
Asus,3.343753120274371,32,1000,16.769080033898508,2.839237903307213,32810.02391415497
Dell,2.630544852224518,8,512,15.286464581759589,2.9959948827132954,17059.609275297906
Lenovo,2.061512057349955,8,256,16.71480270012708,3.988388822629165,8973.58968596835
Acer,2.6310987903317336,16,256,12.36036429397978,4.611901644450471,9912.491624645294
Lenovo,1.8521425509494995,32,1000,16.276046121059167,4.277260797666916,32801.64628030737
Acer,1.9409674662655583,32,256,15.852739907381231,4.182587690675285,10174.195207302795
Dell,2.7459194318486992,32,256,15.06291447474604,3.4531735568025477,10325.364732735776
HP,2.5473136237613696,4,256,14.750175116511235,4.081416670902235,9221.138434690327
Asus,3.78711475267025,16,256,12.89929799160722,3.6582871041007494,10233.785822237818
Dell,2.4059847477915826,32,256,15.898464709790185,2.648751584559587,10333.321560418655
Asus,2.951470875695109,32,256,14.009092768878403,2.625765103223152,10781.539201207572
HP,3.080660719798826,32,512,11.425349455347712,2.8891760206258503,18167.2998292549
HP,1.532736141470834,4,1000,12.87717896513078,4.73240801290944,31381.405548006263
Dell,3.1588434300417765,4,512,16.611782591271965,3.642244521139178,17124.220074695466
HP,1.9450899171743785,8,256,16.104081563629077,4.201716131005608,9280.14242169389
Acer,3.902675793673638,16,256,16.891434188459236,3.039676279449643,9701.0888184533
HP,1.8716568193827823,8,1000,14.767960295624588,3.2231473119956755,31673.696226693915
Asus,2.5365603093175593,16,512,12.485060438842472,2.376696735911754,17493.650157480613
Asus,1.7133741701966096,4,1000,11.976890298061182,2.513884873465011,31339.159741904794
Asus,3.9921856296148683,32,512,12.121486643650769,4.482069664478437,18495.180974797404
Asus,2.7554875258281064,8,256,11.118773950083526,3.754515895066646,9140.170447550203
Acer,2.9884625433001095,32,1000,13.344092665915635,3.0125973976514566,33151.04094220564
Lenovo,1.6676911934710688,8,1000,12.148566082997256,4.408553626986638,31612.05196824762
Dell,3.3749011759979446,4,256,13.469932762740214,2.739559716913949,9081.898737916323
Asus,2.0247639827389645,4,1000,16.60996659103259,4.928098095800611,31650.730149513987
HP,3.745135723601784,4,512,13.58324125704314,3.0344528232385093,17076.68132855591
Asus,2.012849101205018,8,512,16.267906981909007,3.0119328624536825,16983.63602188368
HP,1.9767193016591664,16,512,14.633028599695258,2.9357357166101155,17283.3760078759
HP,1.5913741696202373,8,512,12.482789327968352,2.3663345477728637,16788.668595688672
Asus,2.680167362774998,16,256,13.13512855555527,2.333411441996037,10029.581766908099
Acer,2.912102833156541,8,1000,11.503517214928577,3.9443151036023703,31879.66275681356
HP,1.664271598570881,8,512,13.000775561576063,4.625354133674141,17008.985706336844
HP,3.4388190417375264,4,256,15.065245673021204,4.37156153081502,9362.265977008854
Asus,2.6332220868700693,32,1000,11.432666557576612,2.4233227820640533,33008.898865411786
HP,2.81097567331895,32,1000,12.232408450868176,3.636746365376199,32703.61322521928
HP,2.60190686734557,16,256,13.288646248479868,2.31677463792992,9859.675147759026
Asus,2.501907652188315,32,256,16.892297222095777,2.135883930839232,10566.171029177392
Asus,2.899100828270545,8,512,15.709170937753282,3.969157578154302,16702.35101114597
Dell,1.8881006148267812,8,1000,15.400920478952624,3.605457001041051,31232.363630769603
Acer,1.9548203262381778,4,1000,11.697145739152676,2.2460710556344123,31169.850513456502
Acer,3.6544640525337933,4,256,15.685975361689948,2.1048177392179652,9486.594937218119
HP,3.8652886553340817,32,1000,15.71161286909609,4.969269240228003,33005.18133837966
Acer,2.4332732906993826,16,512,14.60661617374597,2.0900639964472156,17299.66299417338
HP,2.1768616828588847,32,1000,16.94217069199023,3.333584759150479,32993.53208719504
Dell,3.1099988580975393,32,256,12.951523435547312,3.513857073823087,10514.889245702287
Asus,2.5218354277452413,32,256,16.64763468945111,2.3518404434013354,10859.96282331094
Asus,1.5634658891508622,32,512,16.488386689739023,2.5071853353191487,18310.41380623579
Asus,1.890381493415476,8,512,11.068883958496267,3.0554150192310576,16833.276091774973
Acer,3.289930572118494,16,1000,13.700699158848867,4.285027628640988,32339.842111645936
Dell,3.1473098547753784,8,1000,16.86262539830944,3.5212472721808004,31954.950097070734
Acer,1.5677399812587087,16,256,11.618728174448455,3.9137056236588847,9437.652448312243
Acer,2.0549304048323735,4,512,14.286708166299917,4.9555236652720245,16879.49194023418
Dell,2.0776869914701788,32,512,16.873745042246625,4.304016305939629,18371.75254715768
Dell,3.179731858996821,8,512,14.332972544635162,3.3030844944236533,16959.08793158975
Dell,1.5492763443859103,16,1000,12.138891817832937,3.3393257653896464,31849.94957524409
Dell,1.7602714549614347,4,512,14.493099380555538,3.856316231123015,16691.8538808074
Asus,3.4997902134329735,4,256,12.22664344369728,3.996095625256713,9454.453848798114
Lenovo,1.946361655135834,32,256,14.118225577366905,3.502132777510014,10327.843844709536
Lenovo,3.131865269629687,16,1000,11.444253307474089,3.93458366844494,31996.360216835685
Dell,2.095456952616816,8,1000,14.632896015286427,2.070597483242296,31624.8432680589
Lenovo,1.748603481898363,32,512,14.10073963476895,3.2888685916905325,18295.118647808857
Lenovo,2.107930477498635,8,1000,15.440968212568778,2.8368142282204305,31362.16189438691
Dell,3.3056673296391477,4,256,14.784202826952711,2.3875233357293313,9107.981058442163
Lenovo,3.6392411702657146,8,512,14.297637611184541,2.2986395384263254,17146.71360929845
Acer,3.575549661417479,8,256,15.138673095488727,3.8095764968440022,9491.27221480852
HP,2.492958824046137,32,512,11.863651481433385,3.570801641457835,17807.040217535818
HP,3.1702128414266153,8,1000,14.572157967551625,2.7607523509891077,32097.517261509493
Dell,2.0124607385395525,32,512,12.032663616936667,3.4128501763175434,18042.955600013647
Asus,2.2328693256525334,4,512,16.553133247111283,3.476696945547225,16746.84865578127
Dell,3.7408395463027992,32,256,11.410004629073626,2.5850269413158475,11055.045240035955
Asus,1.53250480877684,32,256,13.582248498144759,3.9562791856449517,10462.141838886577
HP,1.71377132713617,16,512,15.174784865932669,4.342758069158272,17155.73800658763
Dell,2.019715637865068,8,1000,13.748133270009554,4.374390622668557,31568.083455808148
Acer,1.5663305096845492,4,1000,11.552571519397414,3.807409492110365,31197.896010928464
Lenovo,1.9535885877244934,32,256,14.320274096760244,3.5349157475570423,10711.444213390389
Asus,2.95760390242423,4,1000,14.849791452964126,2.1830214290161845,31533.20155491725
Lenovo,2.5535613764812446,16,256,15.222753865943046,2.8634938965548176,9478.12050527792
Lenovo,3.7316792776924372,8,1000,13.239558886776553,2.27981434033451,31512.88406850961
Dell,3.5436089043461023,32,512,14.381959826172572,4.89146948263542,18702.478552047654
Lenovo,2.35454337924469,8,256,13.704118849633478,2.405240438677282,9143.215708902308
Acer,2.1485585835782315,16,256,15.03233623251352,2.455326229553306,9819.847510197047
Lenovo,2.4492310204181673,16,512,14.501341803948911,4.668729854991477,17407.53842775571
Dell,2.975737356287019,4,256,14.154537317354809,4.831784850429374,9126.589411524554
Acer,2.1701591020571906,32,1000,12.497146201029492,4.29748711770473,32689.03038985435
HP,3.0603722696228353,4,1000,11.012111106489403,2.0162147710180096,31828.830104650086
Lenovo,2.523529130478101,16,256,12.044490051868575,2.004038812869691,9415.94255327567
Dell,2.8801179521299507,8,1000,11.702396248545012,3.1343023093623525,31601.43744615208
HP,2.5903163228382917,4,256,13.694508470065681,2.4301861100326776,9328.964725005384
HP,2.236164398854794,4,512,14.673548904571067,2.055158426454792,16523.52327190858
Asus,3.8711332674053915,8,256,12.27851005210885,3.392200068213514,9829.331415396638
Acer,3.409014485399402,4,512,16.634342575803124,4.829185692220914,17204.64783482446
Lenovo,1.8502829394161313,8,1000,11.040092775343327,2.9714587247072943,31515.502993169488
Dell,3.671169939744782,32,512,15.633806090992056,3.9834220352860896,18366.444508561082
Asus,2.718577995623784,8,1000,14.751228617182655,3.9567060593973222,31416.859879837644
Acer,3.7363805672352286,32,256,13.241328806286091,2.753240310995503,10905.979465289627
Asus,3.499638139868288,8,1000,11.302933666474448,3.951275746471593,32336.20253073521
Acer,2.5630337611730836,16,256,14.764919430705676,2.637001922860674,9790.713628803494
Acer,1.5561732708002936,16,256,13.313681077193888,2.366022240730667,9168.638971150249
Lenovo,2.171693398462365,32,512,16.617602836479314,4.10414985667907,18277.152535880618
Acer,2.8540855366521676,32,512,14.251940449338596,2.34032245131175,18464.505286084324
Asus,3.083695549565368,16,512,16.63790906776105,4.990727655768066,17376.019528331424
Acer,2.1447192135830058,32,512,12.322902160839824,2.550357203450688,17980.79592868101
Lenovo,1.8483901851820603,8,1000,15.35435546218462,3.7824255882693727,31389.465244648156
Lenovo,3.5873255919982476,8,1000,14.703494125092355,3.234123714237768,31772.920990386385
Asus,3.96100545175888,16,1000,15.43644937898787,2.3791592672170014,32342.705862403756
HP,2.8142254557567146,4,256,12.288007183835221,2.08353172273224,8995.589695902025
HP,1.9291982146207587,8,1000,14.989967097426643,3.8681968468785,31299.789468133455
Acer,2.1807683162984226,32,1000,13.988242358341214,4.420272691367378,32806.59086064783
Dell,1.5459766913686668,4,1000,15.456949849437898,4.526046984520232,31236.54145744455
Acer,3.7857470164012477,4,512,12.962267864910906,3.4481404192308034,16954.6650023628
Asus,1.7943777072253528,8,1000,16.340342152791514,4.332366401547157,31558.996663829734
Asus,2.941291188785634,8,256,11.505807887668102,4.018541400465635,9054.153840394145
Asus,2.185138051718015,4,512,15.843135912747128,4.172763582497399,16824.803277372925
Asus,2.8854450062894834,4,256,16.167917754890546,3.477797015665442,9162.531746141141
Asus,3.128550970879661,16,1000,15.903513868200928,3.9002352207263815,32252.676012955246
Lenovo,3.5743545092680042,32,512,14.076358365570655,4.4165777407281706,18492.16211284153
HP,2.016053179401508,16,256,13.630309880184567,3.193652526671069,9850.110563874518
Asus,1.5274895716462011,8,1000,16.977573719149262,4.417936702602751,31521.46090508398
Dell,1.8422140751720182,16,256,12.375031707284972,3.776050528367189,9771.526709907295
Dell,3.7500466046202625,16,256,14.281255795256268,2.497703073112359,9926.274777872039
Dell,3.684725193906288,16,256,15.024053152293954,2.074052471673754,9941.850074437516
Dell,2.993532755425771,16,1000,15.205205815168592,3.088260801197456,32153.742424811815
Lenovo,3.0012921510841335,32,1000,12.224147994431473,3.6400889848890197,33063.16548039221
Dell,3.162591686365639,32,256,14.923964554038808,4.519461056610465,10791.994833192382
Asus,1.938428196558624,4,512,15.910217398888024,2.3824570404207384,16769.079792857636
Acer,3.7860298648123996,8,512,11.300111460926674,4.400619043050737,16953.654943429603
Dell,2.546926312230183,16,1000,16.4691277599519,4.589027138201681,32215.489381416322
Lenovo,2.4578463206237435,4,1000,11.177024330871236,2.4520624610025012,31218.308199175553
Lenovo,2.797294263207094,4,1000,13.135826194930367,4.554782957912657,31293.44806820096
Dell,1.6174149169376375,4,1000,11.094879177397772,4.974360703528376,30967.93994191266
Acer,1.9157084218901985,32,1000,11.46287101123749,4.1805164931447125,32653.960197510933
Dell,3.345084041065926,16,512,16.467009711080475,4.354309045474964,17857.15877167418
Lenovo,1.706996669812816,16,1000,13.129164984476887,4.98324580267662,31661.07806674929
HP,3.0078802736659704,8,256,13.548629182550318,3.816443751577836,9750.09939150324
Asus,2.1133727742033024,16,256,12.292066288295317,2.923659146048748,9801.241333636794
Lenovo,2.4732390351049416,16,512,14.582574621120319,4.512592502228167,17108.252961770988
Dell,2.2217343419267497,4,256,14.568819288066738,3.8434573325348937,9000.733644385671
Asus,2.3891817911623727,8,512,13.233202350951316,3.7435862711628696,16757.01448914171
Dell,3.2976147629606136,16,512,12.99820923083239,2.7609066665421147,17684.869162090497
Dell,2.2428042890579376,32,256,16.309785849083525,4.26900280874866,10314.43387717169
HP,2.9160116007422427,16,1000,13.29970543785321,2.245001827580289,31802.522515218472
Asus,2.690126005497749,4,256,13.961005952926449,4.772861212383983,9084.371552686822
Asus,3.1591779134066202,32,256,12.699828574549583,2.9774703823114543,10869.936265088454
HP,3.842074348311895,4,512,15.720617020142765,2.3833239583699712,17080.49072571302
Lenovo,3.3314302430256255,16,256,13.38468894139455,3.3270995993072563,9960.39760411128
Dell,2.037350946476892,32,512,14.081666279265947,2.1274097277695994,18215.275637112412
Acer,1.5779578376532117,8,1000,12.520143020357969,4.053878582794899,31123.000523561637
Dell,2.1556601107495625,8,1000,16.92595755404751,4.708116531336069,31442.69518248657
Dell,2.987694826750637,32,1000,12.748974445542338,4.5117890214155265,32908.69340148634
Lenovo,1.6285645337106258,32,256,15.624455185433309,2.382108420343643,10282.909929516276
Dell,2.7409156180030907,4,512,13.564973902140554,2.3788134113231956,17196.585377609033
HP,2.9921071222922233,32,1000,12.237304430504839,4.440303446972792,32653.09999958263
HP,2.335609727042402,4,512,15.798312583789167,4.772762823809348,16613.5085481996
Asus,3.4272805093645546,16,512,13.00164073417426,3.3820094895004673,17629.77767355734
Acer,1.7664956328344295,4,1000,16.191160084386865,3.496913350741298,31216.57452719055
Dell,1.687844454339522,32,1000,16.49154310950694,2.954786124157178,32159.48537202643
Dell,3.3204718905090083,32,512,16.158943012347656,4.682795354769242,18787.381530683826
Lenovo,2.738728290515496,16,1000,11.210047488840834,3.934708715877068,31817.73844347585
HP,3.2210059910693403,32,512,15.724240070030634,2.8647547315021056,18502.21699683582
Acer,2.5870683465093656,32,512,13.468036798994863,2.896348613162755,17967.132684905315
Asus,2.1160050830977672,8,1000,16.24233752109335,4.673600219190807,31428.704783432917
HP,3.547755794185499,8,256,14.827725576108433,2.0409020717174644,9241.110049105846
Asus,3.498539697422448,16,1000,16.00185880486375,2.968179718179915,32141.824638347352
Lenovo,3.236741177136067,4,256,13.996590619201012,3.6630700436491073,9141.792983885032
Lenovo,2.1803628430749065,8,512,14.210153027593597,2.4446523862979737,16929.315969834894
Dell,2.9755766671727177,4,512,11.866325792802003,2.2762962625987693,16795.165118189307
Acer,2.402434742350067,32,256,15.703924152136132,4.44582899327168,10241.803176187253
Asus,1.7289551833165855,8,512,13.51633767000183,4.683213165945522,16724.505692735114
HP,3.793283938655607,16,256,14.000480709629496,4.470819262394569,10263.360342654725
Lenovo,1.8420465772974035,16,256,15.710586284574246,4.696363669212043,9881.335513541208
Dell,3.875593384552006,16,512,14.593072400476634,3.6593359131751146,17781.52417157112
Dell,2.615014432394889,8,256,12.206592364656004,4.4367743629710255,9435.386839490424
Asus,1.9628323220965491,4,1000,14.541395954905356,3.1521279151733013,31764.037664592754
Lenovo,2.8547523684458955,32,1000,13.445797147877935,3.9988035844371153,33014.12791272006
Acer,3.6823645896910207,4,512,13.817153252263175,4.966506594167493,17151.988889149306
Lenovo,3.3305622160239032,4,512,11.169867646416007,2.6771831715173824,16609.82135919522
Asus,3.5164028696536245,32,256,12.26017609709769,3.1696992388732417,10474.26099123632
Asus,3.146958416776793,32,256,12.686228488286169,3.4401421319302568,10622.17676840154
Lenovo,3.2306914112946314,8,256,15.277760047152835,2.4140464610601553,9346.064573576532
Asus,3.6229891289132983,8,256,11.068954839788692,2.2431158313951705,9303.954706859848
Lenovo,2.1241700221479647,8,1000,13.452663567374792,4.4891685989648735,31372.50378014099
HP,2.723562409107851,8,1000,16.544161222554397,4.930383118482759,31441.577746651605
Lenovo,2.0530236045490056,8,512,11.671283699294744,3.214175191488976,16713.611745764396
Lenovo,3.9691700199916173,32,256,14.098546329311667,2.2629495085839597,10901.062546460897
Asus,3.860148349216533,4,256,15.719134294345082,2.1974352820717296,9803.702788206427
Asus,1.5985670284212647,8,512,16.6551878451207,4.673954619080896,17025.47405293858
Dell,3.263937931289221,8,256,15.480659837202307,3.3914427491830397,9635.717452517947
Dell,3.8131207935391647,4,256,15.323393291866438,2.9600819496871758,9094.784528168608
HP,1.9514383628183338,8,256,15.958928541174576,3.4293838137181987,9279.031746254379
Dell,2.9198630763815734,4,256,13.677207325865261,2.954912284077042,9194.575658293421
Lenovo,3.7887207439701047,4,256,15.835067195706998,3.4671073259228598,9477.922638839167
Asus,1.584864946464497,32,512,11.047786428472707,4.578669190753811,17880.004532059324
Dell,3.2435506681171,16,256,16.54736633226083,3.776904113186287,10254.303767339707
Dell,2.243372518431377,32,512,13.659839057103053,4.083961318430526,18151.586774903597
HP,3.810990488441326,16,256,14.320281127194486,3.09401202870301,10027.708270932499
HP,3.9276456129134196,16,1000,12.529293493489295,4.2155176355315565,31901.471771127784
Lenovo,3.8606662227835846,16,1000,15.45518499704253,3.999851254638117,32319.90329556232
Asus,2.6855355416436595,8,1000,11.459814838851493,2.3586859932561692,31872.56841517933
HP,3.6551066274732835,32,1000,16.23581481528101,3.717928559346754,33229.673457835015
Dell,3.611373496337676,16,512,15.968700974038057,2.770230488929274,17242.828225910383
Asus,2.297751183108139,4,512,12.296360697468598,4.412287008900778,16631.41956585275
Asus,3.5722886853766935,8,256,15.855946389711574,3.2778131254008183,9925.178427088164
Dell,1.5925190867887316,32,1000,15.718146398368889,4.984052495589461,32652.898076312922
HP,2.9906746962051325,16,512,14.793299586523695,2.2775013138168916,17595.709114375557
Dell,2.075022093219258,4,256,13.241121061398125,4.341043588220476,9340.21826144707
Asus,1.801417214443197,32,256,12.628992525091206,4.02110520062647,10321.729413074818
Acer,1.6923830040730228,32,512,12.3907015417361,4.302496491772116,18161.471638723186
Acer,3.2407219396953493,8,1000,12.911653776581643,2.922589386471369,31859.430745037662
Lenovo,2.3496874094201656,32,256,16.42135066059518,3.4761634681472016,10668.632633116544
Dell,3.311916928821904,8,1000,11.465844655932688,4.389525559171125,31823.648154658018
Dell,1.663390851997356,16,1000,15.973227657517752,2.697623994862565,31815.640507898246
Lenovo,2.288225844576526,8,1000,13.093340450250942,2.678099590365956,31503.17147173213
Lenovo,2.848728230938343,4,256,14.12959637606815,3.653152859884797,9024.89080903652
Lenovo,3.476807912097409,8,1000,15.766913801890944,3.570690738589567,31547.05112729735
Asus,2.296881257330175,4,256,16.306259282137827,2.8467874112387985,9385.939545131734
Dell,3.0647284410925226,8,1000,13.068688520435881,2.8942269515744683,31747.39378248772
Asus,3.7149443705904677,32,256,13.771060887650663,2.8335354896196963,11008.9067734798
Lenovo,3.039657970455761,16,1000,13.487096388900753,4.314536185995463,32447.60269492614
Dell,2.0823986868840842,4,512,11.079506201023463,3.9557025966873818,16669.19633161232
Asus,1.561001953891345,8,1000,12.77565733315194,4.497251550230758,31160.043195600876
Asus,3.6752471847523247,8,1000,13.755135402395371,4.926419084942065,31821.65032497846
Lenovo,1.553173527125968,8,256,13.466561653282639,3.422492888815959,8991.512288250062
Dell,3.6867541817104987,32,256,15.331575365094077,2.2000816442163464,10405.95143539082
Lenovo,2.8223428350680297,32,1000,13.308821703326618,2.1442769312361065,32808.856450782005
Dell,3.8476692462822406,4,512,13.936258693824021,2.886995117814857,17065.081629541877
Acer,3.4969580894341634,4,512,13.57765155279418,4.797633768057352,16854.30343210921
HP,3.994835276333344,32,256,15.443756893366224,3.5696391649126245,10697.836784094568
HP,2.3767795386292754,4,512,16.177834393921774,2.8153595482403873,16575.251835695293
HP,3.4179707223278175,16,1000,14.191334474045085,3.1975003835330584,32274.63025978199
Lenovo,2.504827284023105,16,256,15.736593165171147,3.7957853222140123,10131.593323529152
Acer,2.699689050759772,32,1000,12.780720092119104,3.9588489744135265,33111.68849986043
Dell,3.068763658045925,4,256,14.248217660943613,2.461758529348715,9384.824877131965
Asus,3.684192785465847,8,256,13.071379722019834,4.931095029635528,9664.037025023417
Dell,3.9602086729982378,16,256,13.485205553430982,3.6343166809483662,9978.874050006958
Asus,3.4206835346612956,32,256,15.394483188876011,2.407064953376838,10387.053085318601
Dell,2.5444169554183347,4,512,16.289974893996277,4.680905760038401,16773.987493471064
Acer,2.5533925056926754,32,1000,11.728972346526593,2.2239152932382864,32629.16325767026
Asus,3.343955753972229,8,1000,14.807835538924284,4.723206299532539,31848.655148446673
Lenovo,2.0969428644207557,16,1000,14.49286284546679,4.989696968866947,32205.99180089257
Dell,1.7761852828284868,32,256,11.710490235055591,4.101295397469512,10723.115825341803
Dell,2.3865553941019413,32,512,12.271365982640654,4.311341663221969,18152.54918807709
Asus,2.2180974791352046,32,1000,12.866014968396081,3.011908509402459,32437.38944266547
Lenovo,2.240770301139975,8,512,12.001586424905009,4.824730558201802,16912.47369317647
Lenovo,2.0840193776247746,32,256,12.46237689514605,3.589141898325103,10428.131227027301
Acer,1.6052329740909048,8,1000,12.605604793170246,4.197165339792665,31566.9558113889
Lenovo,1.5446848368335346,8,512,13.014042998234357,4.772323147733839,16777.65548577389
Lenovo,3.9693059743400787,8,256,15.496342716806954,4.9255399279265255,9647.836304717026
Lenovo,2.569432834339656,16,512,14.431473223103605,4.499613069790023,17291.107749054692
HP,2.460816617899204,16,1000,16.917480031708408,2.90905252094609,32039.042002382772
Acer,3.199118206732675,32,1000,13.488414961804827,4.899642549656248,33063.24200044911
Dell,2.0456347196626603,32,256,15.52319044302155,3.8843585937307155,10059.050423626955
Asus,3.8749029598755635,16,256,16.228810528259203,4.79192742905588,9968.179815116975
Dell,3.4658625360388804,4,256,15.073870958228252,4.028315077443056,9471.946769197091
Acer,1.7235275057806487,16,512,13.471188442504976,2.9217168855431614,17573.057889351905
Asus,2.543951939462321,8,512,15.521567784474517,3.1100735724284476,16968.45371903162
Acer,3.6977957689054115,16,512,12.222002826636109,3.6514153313088213,17844.559013165475
Lenovo,3.8618300557285257,8,256,12.965312991080795,4.3700445246796455,9905.976594804113
Asus,2.6685037781246743,32,1000,14.280111530595732,2.953947654021005,32812.68702948411
Lenovo,3.0335284730267693,4,1000,14.45245632371689,3.7391934984025763,31446.721179529304
Dell,1.9175848652301881,32,512,11.132848852835776,3.0368749807292046,17999.390306277077
Dell,3.9779215653424416,8,512,16.67068513253605,4.4473082139053215,17328.134576567532
Asus,2.0791792534586087,8,1000,15.17976362730434,3.400184281303851,31803.593813995874
Asus,3.856829435337814,8,1000,13.974222501391345,2.230168480558656,31773.803616387886
Acer,3.124116622480921,4,512,16.598763406449848,2.4981575644446092,17299.430104201827
Acer,3.019341987197148,16,512,13.634573391504972,2.183314002858897,17354.575214695695
Lenovo,2.7817212775412714,32,1000,16.88261342162223,3.4979088380429757,32706.13245163676
Asus,2.0766745292943964,32,256,14.07370854346091,2.3190118920446814,10558.374400119386
Dell,1.9413200800137707,16,512,11.685714619987877,2.342419907928896,17504.666195097063
Acer,2.0512155226754385,32,1000,15.588805834755664,4.823144780115131,32809.51886963163
Acer,1.9660956553606364,4,1000,15.073386350467043,4.617965216528166,31435.52408550944
Dell,3.448961183916883,32,1000,15.63792032783352,3.356259790434098,33459.84749304077
Acer,2.3753131479168252,8,1000,16.708652172354086,4.957415962550617,31908.592069712
Lenovo,1.644606691408491,16,256,15.658935815906109,2.0005595845119895,9608.2795423112
Asus,3.9227565753520284,4,1000,14.668019613299881,3.8419383688201814,31653.262947011815
Dell,3.7094647124085642,16,512,16.143853414165044,3.84928453211561,17905.288938740137
Asus,3.8193807079880324,4,256,15.039478636127189,3.3723291676096645,9576.799205329231
Acer,3.9872695566160883,8,1000,13.448714340955538,3.1908439188028783,32018.235095486314
Acer,1.9347381230487182,16,256,16.31371858545064,3.366149406441823,9594.157765055641
Dell,2.490605047256647,32,512,12.331402764706237,3.2448813082390413,18157.022324409696
Lenovo,3.395596189260228,4,1000,15.287847649452345,4.191477432446899,31613.457503593014
HP,3.2400515451344805,16,512,16.28938072964454,2.406066304919852,17547.663503854328
Dell,1.8847397658496376,32,1000,15.387899118219778,2.5929176617733907,32638.547131597392
HP,3.5395828124765445,16,1000,15.183652514323143,2.541554685177271,32339.213793119663
HP,2.061101429591652,16,1000,15.515829764431016,2.7874117553637934,31865.399704499443
Lenovo,2.0595440370565576,16,1000,13.790331489803865,3.57577525634475,31987.43351882683
HP,2.8424360572335337,4,1000,16.245024092942156,2.333626242014656,31150.076784441593
HP,2.982349837104258,32,256,12.220618850816548,4.604507885979512,10454.862431857224
Lenovo,2.950215519594528,8,1000,11.764318496002035,2.892084593925417,31916.074468038503
HP,1.7287170934943872,4,1000,12.713052680711069,2.4876139624061233,31095.042487596136
HP,3.693652156575951,4,256,14.189464380649959,4.02686392879473,9480.671471848871
HP,2.1640001064717653,4,256,14.063370772456029,2.1142589017979576,8909.468097718878
Dell,1.8237873032070104,8,256,15.92359254605952,3.8599056946224923,9379.787385975013
Dell,3.721870199672443,32,256,13.427411938424104,4.094595292029499,10692.554536342968
Dell,3.8891287455743835,32,256,13.906066557749051,2.6447495941601575,10742.170263455198
Lenovo,3.6553190431636264,32,256,11.080206099556374,2.1258922203309027,10722.279304129946
Acer,3.523790186812195,16,1000,13.458435418657634,3.0909360767583487,31974.33199154367
HP,3.1381049515975543,16,1000,14.886645397702052,2.2957826907258094,32396.814235117585
HP,2.8771434265228484,16,512,11.093049983759553,2.349433549020011,17694.48203779271
Lenovo,1.7174668997785254,8,1000,12.685291791117463,2.7627836943345936,31397.565079435713
HP,2.5211330326767465,16,1000,12.24773815573634,2.8864037738802777,32125.15816609158
Dell,2.431721292530785,8,256,11.25191257345753,3.589911023064262,9411.265535787075
Acer,2.1493844594008156,32,256,13.875560539487225,4.03517565650904,10428.784835638491
Asus,3.3085502842214622,16,1000,12.09033975936894,3.7783128226105545,31944.08429326199
HP,2.739689337696927,16,512,15.458489237788282,2.4450810118685506,17811.473268566835
Dell,1.7026155397691198,4,256,16.08756730258009,2.516258097357879,8938.607532046088
Asus,2.0504580048745282,8,1000,14.273511096014886,4.6363077493787435,31427.371791558653
Acer,3.20814690914899,32,1000,16.89024405512685,3.675056945192341,33370.4420797472
Asus,1.6903271487257505,4,512,13.702871428823572,4.609813498693067,16748.036476845933
Dell,3.628017285121922,4,512,14.080209261349493,3.114639533959623,17087.547262123375
Asus,2.7378663175349356,32,256,16.9353065237465,3.8432000222939715,10433.695261078467
Lenovo,2.70146644331662,4,512,12.389290615790292,3.5709902481638323,16972.93001014014
Asus,2.9810194616487937,8,1000,16.655275638061433,2.9573704694613876,32379.03942150032
HP,3.561702414812873,8,1000,11.25702533071468,3.409746116100786,31979.48506119157
HP,2.3695230197554826,16,512,13.678321341579169,3.5074726304807964,17471.614003736388
Lenovo,3.195040381397659,4,512,11.420021072798395,2.602312924270036,17045.60392779002
Dell,2.914329909989478,16,512,15.375408457481857,2.9450311171301946,17455.300773342526
HP,2.167570675423553,4,512,14.650453615280107,4.3742292515209265,16675.250768956474
Acer,3.696574965887895,8,256,15.239805580805578,4.747364718362381,9506.548360762823
HP,3.49356505401732,8,512,13.2468823998081,3.0793822806358984,17077.866844915894
HP,3.1461295866460635,8,256,13.216891604188282,2.9209168466270548,9373.865607791506
Dell,3.6264543227356048,4,1000,11.271915673765367,2.5855914937156474,31553.45182463549
Asus,3.668235502399506,8,512,13.09966963717784,4.035473505951744,17166.348856397115
HP,3.270907441787587,4,256,16.57573041357236,2.9692991049990116,9281.467499262955
Lenovo,3.59253332090918,16,512,13.275359223082694,4.963248617297566,17642.983733872454
Asus,3.243678654173209,4,1000,15.98820623733182,2.9770544061918596,31654.48791516093
Acer,3.200351929400751,16,1000,16.053953028499606,3.1824081403478846,32262.797855749002
Dell,3.0465284455379606,4,1000,13.239446938275403,3.810002588636104,31840.454114655637
Acer,3.381791598894103,16,512,14.791932082377134,4.4050528795739154,17603.49328037393
Asus,1.8965127632326841,8,512,11.572229613638353,3.408555996036901,17278.83978351909
Asus,3.702176897997321,16,256,11.622071484405659,3.267968101366875,9990.735036238431
Asus,3.67960881936308,8,1000,11.29194598197028,4.986913500784425,31722.439630327608
Acer,1.5731182075863979,8,512,14.486090560250657,2.031480923419833,17113.947291297496
Asus,3.564541876411907,16,1000,13.556425865756582,4.685195866553737,32221.279480390334
Acer,1.8221746686836129,4,1000,14.28819413998544,2.447422477819212,30846.987761411416
Asus,2.337797135647855,4,256,14.126439143050327,4.357775828626741,9085.709823337274
Lenovo,3.3587706407290194,32,256,13.10121794654438,3.853794679538894,10625.405372692512
Asus,1.9018997401207705,4,256,15.064840488940838,3.025541856494276,9352.730816495696
Acer,3.5449175602976553,32,256,15.551011285498344,4.621624866563055,10574.274152103793
HP,3.580335444894355,4,1000,11.087769553266055,2.038721683942976,31550.904299589107
Asus,2.7686693344020905,4,256,12.24345379861327,2.6800719562247712,9405.330098502527
HP,1.515964679292084,8,256,15.279415208500021,3.7006783887486083,9230.656162685767
Lenovo,2.217595332937282,32,256,13.319721035803006,3.054626780149094,10425.075854507399
Dell,3.0423172959393554,4,256,14.97490368164965,3.831132485954983,9098.353074666707
Lenovo,3.9529654450685587,32,1000,13.08177595840735,2.0723305802260006,33201.8544477546
Asus,3.079533817541671,8,256,13.344530913977822,2.3493767914451373,9433.443385229784
HP,2.1495089526603994,8,1000,11.952073242138109,2.3812887206553177,31391.564515126847
HP,3.0850142577490285,32,512,12.54938611799696,2.5678509377480285,18159.14275626669
Acer,2.8499634492896386,8,1000,14.632470545045523,3.3779943224016282,31565.967734645805
HP,3.4496134878778593,16,1000,13.598978667890998,4.256386098630713,32020.82728719431
Acer,1.767451597067396,16,256,15.64581609766757,4.716616513786703,9786.04722822343
Dell,3.40256975625507,8,512,16.115509729630055,4.506117590852738,17377.64164165918
Asus,2.8531664466902757,16,512,14.249878509300558,2.590663615327051,17676.859114647952
Acer,3.9074800096474864,4,512,15.549603752336354,3.3234516566918972,17120.15347016301
Dell,2.3546804150967153,32,512,12.84142707916742,2.598234793275605,18113.256519109906
HP,3.0815547328348702,4,1000,13.48982729240047,2.7934154500015724,31513.2969159367
HP,3.8300702637750437,32,512,15.276666057300986,3.5106409445356586,18700.661279036893
Dell,1.7562743199766981,8,1000,13.317271956902184,2.2043270741705676,31131.52746799251
HP,3.843071218091128,4,1000,14.531029610953933,2.65452298877982,31629.792385278022
Dell,3.219714305752033,8,1000,12.112236674495069,4.806134483921352,31560.65712430021
Acer,1.6695926477629297,8,512,14.598627889822987,3.398348877975467,17123.885107886974
Acer,2.2524089173670405,32,256,16.169082243361363,3.336159577933617,10425.010327871876
Dell,3.270430221613204,32,256,16.211837838940554,2.0437014642538367,10410.688019370959
Acer,1.6683765036719294,32,512,15.346066437977239,2.7421992411750375,18117.85936553154
Acer,2.955426150440683,4,256,15.474520274456756,4.598877307946544,9160.564023519024
Acer,2.364707642382392,16,256,14.347564670904205,2.493885284776006,9603.56820750981
Lenovo,3.0522887944186925,32,1000,14.508008540994949,3.245374818604163,32836.15779017243
Asus,1.6143550845312822,32,1000,11.801903488463108,2.042992717601004,32498.58220366735
HP,3.6788420153809405,4,512,13.663155130527807,3.4350064450116675,17176.393504207954
Lenovo,3.933722422943492,32,512,13.704657703318183,2.0630633201786512,18544.964478764847
Acer,3.9221946382142288,4,256,16.75098701400644,4.458828659197399,9415.277230204896
Dell,3.374129579357312,8,1000,13.586521175739737,4.474561302461311,31582.162950992373
Acer,1.82521560032658,32,512,14.296055869416545,4.36322656490711,18033.55330712699
Asus,3.3956579898225563,32,512,14.199508395674615,2.8500922066733545,18446.746415331276
Acer,1.5614672911470038,8,512,14.820570302265963,4.511711654665454,16883.31863737996
Dell,1.5553088788224931,8,512,15.489396987991375,3.628994397815808,16876.73664814452
Asus,2.309025547873853,8,512,12.350251257025233,3.1214243266010073,16753.07735808376
Acer,2.7216079760116645,32,512,14.172346514590615,3.8759898791126988,17768.37330818461
Asus,3.426018544519483,16,256,15.955506243896183,2.037023138181122,10323.867354410395
HP,3.2082384415162633,16,1000,13.778688283025069,2.4288826328022566,31931.005252814026
HP,2.6147567659418707,16,1000,12.670745278241437,4.2268806145107884,31641.105860874708
Acer,2.1840666657041647,32,512,14.928254452137795,2.732484826148459,18194.156696522925
Asus,3.992811250394278,8,1000,15.942604374794737,3.794027351986249,31637.770363408745
Dell,2.565453255589932,32,1000,11.378841757564349,3.155307808469089,32648.154658469608
Acer,2.6284675608241885,8,1000,15.660742900443363,4.564417336397785,31803.034281971497
HP,1.909059552979173,32,512,15.929887597770627,4.857245917989931,18466.374657066153
HP,3.4870238718748237,32,512,13.76913756553164,4.650694185110571,18463.78294548897
Acer,3.2342055644537213,8,1000,16.899833940910803,2.81185998408079,31768.887337692777
Asus,2.051924031971901,16,1000,15.720250044243855,2.582488607138247,31988.681010326505
HP,1.7059526140396066,8,512,15.641975389373995,3.4233046808622047,16518.079792351797
Asus,3.2012482551867825,4,256,15.48703144647243,2.022002452508541,9219.619833608689
HP,3.136278035702838,4,1000,11.903648619309644,2.077428178589545,31454.597976955472
HP,2.1831488174955234,8,256,12.303385318718064,3.6598719188690003,9256.76448311221
Lenovo,3.877158905626026,32,1000,13.78394078878655,3.561348212495858,33503.93503731473
HP,1.8776447294522507,4,256,12.584026099756795,4.983745967105779,8570.01295046808
Dell,2.580837002606505,4,256,13.491445834004242,2.6055255060912743,9058.405539825573
Acer,3.859039800418997,32,256,16.330784659537525,2.7743117874814054,10483.978626601365
Acer,2.5493182923153057,32,512,15.945961351275615,2.34062192697886,18164.703847568682
Asus,3.0963148691602136,16,256,14.780239270879893,4.752629028961234,9674.42104073643
HP,2.4939859949069856,32,256,16.14872236550662,4.333433733375353,10259.568047457495
Dell,2.185538005871675,8,256,15.702634334103495,4.467017334370542,9469.108520618654
Asus,3.9599441198995704,8,1000,13.573909591045343,4.708291363893526,31967.513642931972
Lenovo,2.5233350157876075,16,256,12.206390912299671,3.5746999601775147,9852.218947732548
Asus,3.735248009197836,4,1000,14.085206240056035,3.353579574352171,31588.887165963664
Asus,2.0748865147277153,4,256,15.4173732951713,2.9911744209968494,9059.269729482983
HP,2.032761760062708,32,256,13.618517592377557,3.7676438430435666,10740.17439367292
Lenovo,1.5778352072112785,8,512,15.000631458703383,3.3628351903694673,16841.407279690808
Asus,3.129167063439713,4,1000,11.565964557746263,3.354696759816725,31685.19704607659
Dell,2.421315859309403,16,256,15.48802841822842,4.810783591193417,9602.42464377117
Dell,3.6608956245990925,16,1000,15.876281719358373,4.95209454283739,32443.387282551463
Acer,2.683024766728893,8,1000,15.241027134683247,4.3894531679887425,31587.747092398495
Lenovo,3.9204835697868043,16,512,16.803581525158194,4.270274270740785,17358.181126541185
Lenovo,1.963813789257803,16,512,15.959912344763843,4.041674485337304,17330.027682309257
Acer,3.671557919889027,8,512,16.41856236725923,2.4982245570005412,17203.63995723219
Asus,3.4414921319793543,32,512,16.601426500745887,2.177317462626964,18133.59750990507
Lenovo,3.42730461161013,32,512,15.80808795124285,4.07217894533979,18459.19946222812
Dell,3.611958070292219,16,512,15.045553052038994,4.186358666769728,17462.733791440864
Dell,3.4025599773574973,32,512,11.034311488164736,2.1409189732944194,18958.317291194384
HP,3.0655508040785384,32,512,13.794954519338749,4.784155250686545,18008.279252012882
Lenovo,1.828112194205969,16,256,14.426973791734166,2.2734219183340327,9368.84270700251
Asus,1.5813154487281298,32,1000,12.824181634687998,2.8577016013136074,32818.0799277558
Acer,3.802119619539217,16,512,12.908626681420833,4.017169438396113,17611.820387024287
Acer,3.041625786301845,4,512,16.76695649426099,2.5096177832134288,17148.4085711659
Asus,3.491343227440441,8,1000,16.350265191216476,2.1662476653267335,31979.68968343873
HP,2.7038058787813752,8,256,16.095074033010224,2.9934394674924496,9296.266836155319
Acer,1.7932704724059862,32,1000,13.436070810236664,4.297914724565537,32408.57788482435
Lenovo,1.812964480506376,32,1000,11.082191302453488,3.241036036955781,32866.042977926394
HP,3.2139132180724284,32,512,11.481333478734285,3.958918765723818,18035.130088414073
Lenovo,2.5757647372486567,8,1000,12.873178209305621,3.73885729168441,31747.009130951836
Dell,2.001311816750842,4,1000,11.094457477974062,2.0666554460767412,31485.28470990025
HP,2.7289863668535923,4,512,11.10289869149119,4.96561996113712,16752.815486783176
Acer,1.6605223426878353,8,512,16.499619809854465,2.1242842664581634,16840.024514932513
HP,2.954928504785997,4,512,15.236951012714325,4.903408212945455,16709.94541814983
HP,2.1724835110877443,8,512,12.853735940408916,3.6495925350931944,17007.624039015653
HP,3.4938977515929706,4,1000,11.795867465605719,4.889477081195199,30976.616362602435
HP,2.2759048973089344,16,1000,14.069814307370462,2.3442607982415065,32156.279925438146
Lenovo,2.638050372704503,16,256,11.032076965126187,3.4712255575565396,9717.434626463002
Dell,1.5290513497702516,8,256,16.630482463148866,2.508512275598176,9148.771656517109
Asus,1.6811172194863973,4,1000,13.488890716333684,2.1529246310673273,31332.93246684605
HP,2.481233891016712,32,256,13.414009731423997,3.852587345186935,10231.289820993527
Acer,2.6998470867928086,4,1000,13.343561645490693,2.6233502628850744,30998.00861002435
HP,3.000051370298259,16,256,11.415969982326589,3.7630910548626377,9864.41377714835
Acer,2.229156446773258,16,512,14.82993343875096,2.337093445846957,17642.368258108138
Lenovo,3.2374547153163564,4,256,15.39802171777012,2.9959594142981083,8957.611388888343
Acer,3.6503059929730113,4,512,15.056752385529741,4.344897674159741,16837.251254164315
Asus,3.4496274722333746,32,512,11.830612959976365,3.311154565526563,18503.891186596422
Dell,1.5990470633708929,32,512,14.473041008213556,3.883236244692009,18102.2158223809
Acer,2.7012673681445722,4,512,14.416906905033523,3.942373822236638,17441.789564768562
Acer,1.7623254460454372,4,256,16.210464727648294,4.531265131961881,9226.493226207614
Dell,2.105112539656319,4,1000,13.274765950253883,2.974768383219924,31523.85503748275
Asus,3.966656483167866,4,512,13.228915661956606,4.061886687747553,16924.533002996257
HP,1.8562388572537831,8,256,14.711162352309113,4.884847421138497,9301.58370356369
Acer,2.74722038362839,4,512,14.798435920997079,4.190730003073604,17162.58822760996
Dell,3.0453893357952975,32,256,13.815711363954742,3.4696114301532335,10597.817827122042
Lenovo,3.2561624263602598,16,256,13.658356173982526,3.8921523334757877,9842.035170669518
Dell,2.8991217087172854,8,256,13.964886023827296,4.2190486932893245,9425.202280608497
Lenovo,1.5244271185479592,4,1000,16.16627179701987,3.8368272970816175,31156.942850384727
Asus,2.3161532706099797,16,256,13.767001407523459,2.0500274404695173,9751.863110692431
HP,2.7942791084617786,8,256,16.639590751818936,2.5843204930616777,9494.598859453254
Dell,1.7196662478620834,16,1000,14.024022581577956,4.431404651646398,32176.09693732364
Acer,2.376567328022952,4,1000,16.69520415908535,2.817951941937454,31443.159540864785
Asus,1.5830077719784164,4,256,15.996991411214454,4.194686358683402,9109.54022824584
Dell,1.6964462428875517,32,1000,13.174587935694975,3.116360645725096,32639.704344435744
Acer,2.49230819050399,4,512,16.181848527779696,3.5656529844738296,16974.393967168104
Dell,1.8317893851076508,4,512,11.660379705206692,2.203919899458211,16587.514580972704
Lenovo,2.918852120653895,8,1000,16.550283052058088,2.543676683149129,31904.03391572949
Dell,3.223662422843164,32,1000,14.78986109049735,4.8715908905577034,33137.46096329069
Dell,3.501466747772707,8,256,11.326344491133867,4.6704141603407425,9246.784871162248
Dell,2.000375610612025,16,1000,14.865540341904868,3.9568253326971505,32178.29275976765
Asus,1.9187064556476745,4,256,16.845485924868537,3.3789337921572122,9033.566194315728
Dell,1.7614196008360006,16,512,11.418803927687774,4.0272838786856715,17106.42782100887
Acer,3.0910756238590915,8,1000,14.328126258680518,3.855830867281817,31624.217718938606
Lenovo,3.266189316217253,4,256,15.486766098556235,3.7056567668138363,9365.556673166084
Lenovo,1.578965362064105,4,256,15.861551520197189,2.1775312155906255,8990.324452880152
Dell,3.8405306156092247,8,512,13.482964791924775,3.8984078319845206,17332.942777748834
Asus,1.629928209128681,8,1000,12.224999355009459,4.306760133713505,31505.462184452488
Asus,2.853240838252676,8,512,11.254053672634303,4.982244963936727,17127.62372053389
Acer,3.272651298627291,8,256,14.478356942583348,2.033235657782929,10059.021865229906
Dell,3.677422809365214,8,256,13.717466421605664,4.19052035993203,9555.867038172206
Lenovo,3.2852173303310694,4,1000,16.692466370898266,3.7153679478079416,31506.824436691582
Asus,3.5043202076744797,8,256,11.363629446289458,3.30215652824287,9071.15239871061
Dell,2.348625481357015,4,1000,15.112372060676034,2.3827105237141124,31209.082072609664
Asus,3.5370627843662805,4,512,11.149797332720343,3.2272554459046288,17205.205679219198
Asus,1.700287115961688,8,1000,12.028605060263256,3.063131548958406,31593.98311026264
Lenovo,3.737041640151319,8,1000,13.721473999537004,2.9084896669362266,31622.755702048646
HP,2.8689809403843407,32,256,13.729234656817209,4.192638869966623,11079.296980713389
Acer,3.5432444249062343,4,256,15.114203257601863,4.102176563852791,9415.264080027056
Acer,2.6307957112957503,8,1000,16.46127820920654,3.767060272942735,31809.77744768992
Lenovo,3.108944237991312,8,256,14.834192953489525,4.815994439880116,9899.157798256467
Asus,2.816006652340283,8,256,16.721210587109052,3.0495631525425635,9795.021054850455
Dell,3.3289738043883297,32,256,16.289693839267986,2.7314058131305385,10900.502074698152
Asus,1.704074955076474,32,1000,14.50699877318474,3.9677099392951987,32857.12065525129
Lenovo,1.6508802099764095,16,256,16.002751705512964,2.5964421828122086,9788.823673511592
Acer,2.117758085025366,4,1000,14.855465661941803,2.945031521550274,31343.017188686004
Asus,1.8988617002829709,16,256,11.471346985542363,2.6738073202246544,9619.819786074035
Acer,3.6794589164805043,8,512,15.44338833955706,2.207460703155504,17397.54904187063
Dell,2.0480349683951107,32,256,11.569450647604077,4.48249622490702,10350.814525506354
Acer,3.9396631395478283,32,256,14.564496683418275,2.7636216287649837,10638.50244334717
Acer,2.342239479427767,16,1000,15.215841235149373,3.419082510029062,31985.347815226516
HP,1.9552947892217483,32,1000,11.399165649265132,2.129945819762936,32500.15629105084
HP,3.4742462678561976,8,256,12.38476792355919,4.0980183987579295,9494.43894222929
HP,3.14676943875219,32,512,16.4940333935699,2.9916830069188727,18033.226295151348
Acer,2.7454892911328477,16,256,14.69788695339738,4.23421018348763,9848.92119756115
Lenovo,2.8884088773440784,8,256,12.47771611286319,3.2372091814035984,9048.60910679841
Acer,3.2980044456806596,16,512,15.144078626888039,2.587266819216874,17515.91518148312
Lenovo,2.071136853328247,32,1000,14.580658519770138,3.539525246846108,32871.26550348876
Lenovo,3.9908347901418546,16,256,14.00945419950769,2.3915136789123195,10192.670247531907
HP,3.936982905366958,16,1000,16.857121849928504,3.3216174796189843,32525.79468505247
Asus,3.1258142158673423,4,1000,15.100722664445053,2.9519164322614597,31661.60491503453
Dell,1.9988561273228629,32,512,13.252646658007476,4.7358787525989,17853.61070804924
HP,3.2005706060782284,32,512,15.800440592461207,2.1827861651621596,18590.416742386602
HP,1.6804960224479397,16,1000,16.307499757527125,4.082052242317226,31702.148404315936
Asus,1.5766312555145152,4,256,11.751323357100988,2.5482534979623077,9123.785347356164
Dell,2.1442072212780343,32,1000,12.203317867071599,2.9571352229967194,32868.877400863414
Acer,2.656557391848291,8,256,12.297362054766678,3.246542189186198,9596.573600521036
Acer,3.6706812635209514,16,256,15.147270856319242,4.7240452681249225,9974.814913952583
HP,3.31792267441577,32,512,14.618237330319701,2.7277347982214755,18224.91911206513
Dell,3.3567663029999526,8,256,14.71394938819153,2.2739264076340104,9264.36247945563
HP,2.5637333361201886,32,256,16.644639798137007,2.956068811971571,10359.762908152476
Lenovo,2.3648374813674073,8,1000,15.655469196843836,2.3140279116066003,31335.581651372893
HP,2.4275969074615067,16,512,11.7676215470707,2.3857894578816574,17545.41450124221
HP,3.9691239093401447,32,256,13.085042494551086,3.72155179392508,11011.79350442628
Acer,1.6002729785312062,32,256,13.612361877054415,2.18270579929848,10461.214760305716
Acer,3.6675787403061215,4,512,13.375769532485629,2.0927926441806983,17033.495029854475
Acer,2.9466885214309837,16,1000,15.015851654971275,4.143242304411493,32560.41420163401
Lenovo,2.596538547973976,8,512,16.351358619539376,3.0849412845231337,17055.855772547548
Acer,3.313144151037841,32,512,12.836308781136728,2.3761260477016197,18399.77710698207
Dell,2.716672353561757,32,256,14.311262818527114,2.760838312579125,10572.381041291279
Asus,3.6835580952041513,8,256,15.736456531481513,3.926259522057197,9524.516541157198
Dell,3.7517546600281464,16,1000,13.497308353072096,2.8266097014225533,32418.225900019068
Dell,2.5543023171836383,4,256,12.008708770395774,3.4835633753612236,8969.499667250127
Acer,2.192069493087629,4,256,13.84970579158249,2.3650859201800167,8931.64158994445
Asus,2.9808758214834055,32,512,11.331335124458171,3.764280912816341,18381.45293473955
Asus,3.7809083640417276,8,256,16.65430072401366,2.948233051529792,9540.263683460853
Asus,2.0266554725141663,32,1000,11.448927231169838,3.8809053035861494,32722.19699170541
Lenovo,3.057416458908707,8,512,13.630740291503468,4.425184646912069,17031.580627189982
Acer,3.0789005502313014,4,1000,14.179287566531157,3.8349392581699773,31558.706209149856
Asus,3.3327825560382025,16,512,16.911822993723714,2.887242687785062,17501.262720510942
Lenovo,1.8289192128181495,8,256,11.996130941857164,2.7672311046449014,9029.916399804506
HP,3.289562411705221,4,512,11.686589111674152,2.982262876200344,16757.87521145047
HP,3.7725813016641023,32,512,11.052236882375261,2.4938615397095143,18579.288404555522
Lenovo,1.949207772175605,8,256,11.933428621215814,2.54351555255006,9217.451938184204
Lenovo,2.093858312309694,16,256,12.243637874406005,4.3720733057005035,9783.633851651786
Acer,3.928487735104099,32,1000,14.783485649498553,3.154197729522335,33354.90259562436
Acer,1.9524423817737244,32,1000,12.318240742348403,3.3079855417117576,32611.790570357465
HP,3.635962733423948,4,256,11.123124888375951,3.7821483967004337,9468.150557363018
Asus,2.730694641120087,8,256,15.959710073014932,3.768960485454643,9404.819380443085
HP,2.1180776860079424,32,256,13.1935742060238,2.2021306145657773,10413.731014080557
Asus,3.6768747531812784,16,512,13.122180119484405,4.494622359012997,17863.34574876797
Asus,2.6132631375066637,8,512,12.81487417500756,2.5319796596718183,17124.384006967848
Acer,2.7870433848242255,16,512,16.852239662878524,4.169214908149007,17442.27647012818
Dell,2.398083423499414,32,256,12.020692503855688,4.3180129643845,10554.60906823848
Dell,2.9823771285873186,16,1000,16.389428383719412,4.144698602273941,31929.674476935197
Lenovo,1.9088096814625568,4,256,15.660819992839327,3.7369329396624353,9087.071602980597
Acer,2.4777038416294017,16,512,11.458879732995879,2.0438269913266485,17064.361782900898
Asus,3.923530805838219,8,512,16.920374609005094,3.081126477089512,17155.42246340321
Dell,2.1453335817528187,16,256,12.628195781234064,3.8145182880877435,9740.413388748193
Asus,3.1418416613532303,16,256,11.591497562134474,3.1623538877676163,9274.525545150296
Dell,2.312975160561737,4,512,15.975885404754557,4.590439684738439,17156.710715175002
Dell,3.4336828142165015,16,512,15.2400532020662,2.9264068260488463,17789.172102765056
Dell,1.8271841517958745,16,512,14.703312835267404,2.880604377375981,16922.99041879282
Acer,3.924552612696362,32,256,11.9358851821936,2.797993079277974,11255.348016729009
HP,2.634473853459098,32,512,13.87097669753577,2.9983426068823866,18769.151657070917
Asus,2.09012615836616,8,512,15.683336161323282,3.6722148929425615,16918.871474172327
Acer,1.6837418683250316,32,1000,12.821743628863041,4.121045882817772,32466.674974474045
Acer,1.9243947627188518,32,256,12.870138971090249,3.9877037532163553,10719.665409273986
Acer,2.7994348713900443,32,1000,11.018845436288732,4.423153459944439,32767.274320916287
Acer,2.3425079410782157,32,1000,12.045460409872277,4.657741986492274,32795.04127811074
Acer,3.5722084147065236,4,512,16.252433750731008,4.448237127030054,17298.46593347018
Lenovo,2.5772188091545147,32,256,13.650478949826242,2.0568362101230635,10517.182685967558
Asus,2.121785681469075,4,512,16.905406995406604,4.207753860655966,16732.176887532056
Acer,3.0428624665100754,4,256,13.374247781442755,2.625198720854995,8975.326466281276
Asus,3.2669430422136143,32,1000,15.291118728681447,2.398784128123948,32909.11452258751
Lenovo,1.9176047697523746,16,256,12.691514257428375,3.9154663543974064,9526.042606303856
Lenovo,1.9190480407207942,4,512,13.1828578468456,2.959229586223085,16430.161831411904
Asus,1.5916785673338574,16,512,12.144355925545367,2.1713514901113298,16969.92215343469
Dell,3.341005037664101,16,512,13.08237421099637,2.412889203195084,17572.439863049596
HP,3.1595113190545128,32,256,14.283425122523859,2.0027882506098833,10307.602054620887
Dell,2.6865771893745345,8,1000,16.950637285875494,4.709670882034121,31553.398871647812
Dell,3.610426122422993,32,1000,14.985210278430714,2.0738539515237155,33489.96968925737
Dell,3.514175382375133,8,256,12.195475726449885,2.6283673085285333,9431.367188490725
Acer,2.9633859109918803,8,512,11.269768649549306,3.248788342063722,16951.439990127954
Lenovo,3.6706782012831467,32,1000,11.758138887887064,3.0697139778524574,32968.61211133288
Dell,2.0146030250919207,32,512,14.375331207638284,4.7351776307383275,18036.244976572903
Lenovo,1.7797990484943198,8,256,15.590961972900597,2.1208668372036263,9341.544154752517
Asus,2.174374028792474,32,512,16.642515243804482,3.536644123031155,18293.331900039837
HP,1.6427171402232872,8,1000,11.094939031980925,4.0414383875731215,31331.87614219564
Asus,2.82792382000258,16,1000,14.136560849371218,4.795093921043506,32057.59755714992
Asus,3.8415142307374035,32,512,13.82520413733906,3.861113756371163,18728.750414928563
Acer,1.5983588516712741,16,256,14.936330131854223,4.4112657080352875,9252.224764996936
HP,1.805274785025067,4,512,14.357473126792051,2.2511748135360454,16674.176268095754
Asus,2.630497570708588,16,256,15.122234903494883,3.157818532810782,9804.015334953754
Asus,3.8346875438197623,16,512,14.948495508495142,3.1218414034372026,17539.352432879663
HP,2.290390262441876,8,1000,11.702070349147677,4.658864649367153,31522.503492279397
HP,2.768087021720981,16,256,15.798307481712317,2.454113513789825,9642.707126680169
Asus,1.6039321476259802,32,256,11.739395454297949,2.4556585170098906,10438.451567581356
HP,1.8708580024052222,8,256,15.191183751254822,2.9856744496573953,8960.49719990869
Asus,3.9665753073971173,4,1000,13.49687220584364,2.1633981421005126,31954.085256659306
Asus,3.912796741090114,32,512,14.083104407459587,2.5473741219574704,18484.086663729726
Acer,1.512349952336024,4,1000,16.419788086254265,4.8956289156372055,31192.302691149176
Dell,3.8795294635580975,16,256,16.339302358840918,3.2845518196015187,9848.907001761569
Asus,3.097799844538751,32,512,15.907137833930177,3.8960576252673094,18564.873708531173
Lenovo,3.6697957363000553,32,1000,14.06089028273794,4.178333778033911,32943.021188327635
Dell,2.6368496390846476,4,256,15.417438860803,3.1008842210216017,8951.260150923878
Dell,2.7889900714481257,32,256,14.077382333112856,2.441681223231551,10805.22151252119
Dell,2.7221164506423006,32,1000,16.217636494848666,2.6197430486653426,32761.71742683985
Acer,3.1671606438652606,32,1000,13.4166549993974,2.9397994297418313,32953.47077163469
Asus,1.8491281368907821,16,1000,16.82141206648926,3.908205261056677,32130.932571244826
Acer,1.5749339746816948,4,256,16.593936549373264,3.1948416472671632,9026.508630007325
Asus,2.269824853977977,32,1000,15.449615716710714,2.0204440937003842,33188.9231533668
Acer,3.261701906841617,8,256,12.676495305056433,3.5702215552024157,9283.177998259891
Acer,2.004633630307371,8,1000,11.78992153275955,4.764540175722254,31446.977487639495
Lenovo,3.1835810833122933,8,256,16.128220700559183,4.436232833026037,9468.282674289845
Acer,3.924780115268176,8,256,11.991813716827767,4.475634113778893,9684.282946767202
HP,1.734751789473546,16,512,16.125564733984014,4.385174052818393,17543.33453761382
Lenovo,3.1815052955628156,32,1000,13.944590040274162,2.9711924768312707,33000.20423707547
Acer,2.609375548261428,4,1000,13.439340702848625,4.295581501263176,31420.17334262457
Dell,3.6703556359437632,32,256,16.419144673006574,2.4294840734335788,10521.560806348574
HP,1.9428744736184647,16,256,14.623105895241668,3.9731484418278606,9643.781766169588
HP,3.2315648805654114,8,256,14.459684042778306,3.924705700054983,9346.199597968807
HP,3.5952882241202757,16,512,14.352595667746385,2.076709397269204,17769.029726326044
Lenovo,3.861535548685058,32,512,13.227017096117189,4.363910400772795,18371.271509808023
Acer,3.2081200707241146,4,256,15.713858621174763,4.709744315285391,9240.67613254145
Acer,2.7429369100210685,16,1000,12.516790664094637,2.802245835416323,31778.847134015232
Dell,3.0446181005030346,4,1000,16.63336976024765,4.437172172558453,31234.928876827467
Dell,3.6722624611967953,16,512,16.363911230281765,2.2472179155858445,18071.455945725855
HP,2.926524366597074,4,512,13.02488195404939,3.799903574783198,16893.740258565627
Dell,1.5759676492420922,4,256,15.376782618989981,3.4569405960028314,9049.026871794313
Lenovo,3.8273717387674444,8,1000,14.439339166697549,3.6377705999270002,31735.42443245162
Acer,3.223816877578903,4,256,13.025895811995408,4.778615605653036,9412.599857134881
HP,3.1912834644431163,8,512,16.93112988797268,4.613945741740561,17329.767812411545
Dell,2.0391878809942927,32,1000,11.151424075089585,4.355250971719271,32526.828109098893
Lenovo,3.147213675581643,32,1000,12.51587618372772,2.8210953730351127,32739.64821789146
Lenovo,2.484661014135396,8,512,14.120444366666902,4.735455886058275,16845.480994534384
Dell,3.12808244260373,8,256,14.131718020871382,2.2925230773916256,9459.669088422834
Acer,1.766482575769977,16,256,14.533598449673384,4.559987649676364,9611.790008278744
Dell,3.1446132615075904,16,1000,15.510057032137516,2.984480217060823,32216.957792421388
HP,3.9985343144266663,16,512,14.74086698311578,2.1613169349859502,17992.657054925832
Dell,1.62053009715139,32,1000,14.601688763168223,4.008070952722245,32533.06771514721
Lenovo,3.942935460553293,16,512,11.32108677747826,2.6938397849478664,17430.73803160496
Dell,2.5172699018071762,4,256,13.25918172673579,2.730713377593896,9121.350285490576
Acer,3.676883625843148,4,512,12.392334438206936,2.9181414986863143,16675.425035779714
Asus,3.4559637101456837,16,256,12.592220669611853,2.19105430250755,10040.274112098421
Dell,2.9175406524666694,4,512,14.326024846042069,2.5313814325947623,16924.307465983453
Acer,3.3461230231283166,32,1000,12.197031889577651,2.015418882756681,32925.40344540765
Acer,3.69628890325337,4,256,12.763694606101385,3.3362285633173605,9262.458812489702
Lenovo,2.510350804127582,32,1000,12.422508251104041,2.252766132253914,33009.991820949304
Acer,2.3175829039080966,8,1000,16.691017659309168,4.047957815132597,31832.48694288418
Acer,3.168983463908962,8,256,16.66799439302657,2.706868553574945,9470.813523423905
Acer,3.5196148548531463,8,256,14.65964935157631,4.8307224321055315,9647.162498392676
Acer,3.4057128369415395,8,1000,16.5471348123914,4.613754882195957,32038.621807182244
HP,3.494534122146586,4,1000,15.71487587281024,2.8683226849046246,31751.626360161416
HP,2.5889582870323324,16,1000,14.539687296810852,4.349646363970036,32023.99593577724
Lenovo,3.544585540437554,4,1000,11.038611268980775,4.4097347139944185,31661.825527825302
Dell,1.8005226384265212,32,256,15.635097716476423,4.959689342343231,10195.392260005525
Acer,2.8612227449021237,4,256,15.214930049530814,3.793519960537055,9232.829064224456
Dell,1.514396651245304,4,1000,14.691521919694484,2.2458972039309866,31227.62554547839
Dell,2.3114645747506755,32,512,15.56254587009483,3.9405116867791428,18116.165590725548
Lenovo,2.416153837178495,8,512,14.077532988648594,3.8749392451281057,16640.727832384706
Acer,2.4904317290231384,8,256,15.224499627928035,3.915051732261295,9137.90627075809
Acer,3.2386680167246555,8,1000,16.61103252035896,2.9214369443126347,31753.56091948391
Asus,2.4713952531758645,16,1000,13.254830095076517,4.579038755240999,32192.593101112045
Dell,2.6217340565563267,32,256,15.248731009403752,4.878416548866236,10617.701964091477
Dell,2.0938603271858187,32,512,13.854126908065751,2.6531375389344545,18317.25807781471
HP,2.43312947907335,4,512,15.04639791088389,2.2644564744099336,17073.491965768277
Asus,2.0681740681578784,16,512,15.577360013326185,2.5836050995054523,17425.207791952944
HP,1.682989809421109,8,256,11.272715002614776,4.4616564177671565,9125.494379894904
HP,3.008621483453445,16,512,14.879602663691971,4.029933904459543,17324.418211582888
HP,3.170531996387541,32,256,12.360447106441667,3.90814202701738,11019.56817405083
Lenovo,3.0487258650240365,32,256,15.0201952268454,3.2053794053282734,10374.526469146394
Lenovo,2.658735109501431,4,1000,13.80998111560288,3.733483914534307,31494.3586227087
HP,2.4494644504480743,4,512,15.641316451189322,2.9236223758231024,17000.04279606425
Asus,3.658334123929563,32,256,11.74040489123358,3.4316002382538837,10881.506435734313
Dell,2.797704462840545,8,512,14.757934109937171,4.3791890851119675,16839.889865827867
Asus,2.6979546940743275,8,512,12.670824373565313,4.943724792366386,16919.58957778899
Acer,1.5641051645160893,16,1000,16.11789197198355,4.797466770769406,31727.413250211663
Lenovo,2.3531195690653908,32,512,16.570301033817845,4.801597828538746,17817.927110290842
Dell,2.4504890469646425,32,1000,16.978389762074332,3.2066712045413373,32923.66424093799
Dell,2.497056952242251,8,256,15.7760444145637,3.4063696415203726,9217.345503076525
Acer,2.950430923068331,8,512,15.522404422568027,4.1169061891069445,17420.461668116226
Acer,2.834006366817196,32,256,12.293004553205307,4.7665757841538525,10668.03049422374
HP,3.0197627319836116,4,512,13.016042353940652,2.425982778056254,16908.293955737794
Lenovo,3.4122081538553206,32,256,13.794095250573676,2.9127255914815873,10614.656373393547
Lenovo,3.532464346790234,32,512,15.640286286693499,2.417740533782329,18478.144403711227
Asus,3.295307690566236,8,512,16.48979519046781,3.836025589878366,17159.322422840665
HP,3.888809239887337,8,512,12.134834600137907,2.9189029906626125,17265.177331852225
HP,1.545581456690904,4,512,16.53420490802062,2.9783235575377205,17050.344308089607
HP,1.9894449642088652,4,512,15.173747914124348,2.212747878463938,16526.28524127009
HP,1.5189071874453552,16,512,14.664624384110232,3.049388185422776,17192.85166958739
Lenovo,3.1186867853865072,32,512,12.199047627691638,4.587489522204756,18423.12109446953
Lenovo,3.7450763723749674,8,512,11.333150196854904,2.699218435672505,17128.6579256982
HP,2.1087057414407484,4,512,14.41078939104764,4.085562398630197,17045.209680244476
Asus,3.8175863619907666,16,256,14.909094099973355,3.888885034815778,10138.50213465183
Dell,1.650668475723902,16,1000,12.264688696128129,4.590453825107346,31685.744847782345
Dell,3.8360900670137856,8,512,14.338737234952738,2.3968638429531146,17330.837860127278
Asus,2.3790567180990863,8,1000,16.138960416575443,4.93276988103513,31508.341106303415
HP,1.7535520711230412,16,512,16.01039567273012,3.7478859381210965,17134.107805427182
Lenovo,2.7146793979658144,4,512,16.564131083517783,4.986422457040443,16856.3146807512
Dell,2.14194141930127,16,256,13.195314857341282,4.734544177597552,9877.701371611463
Acer,2.212182254904807,32,256,12.908297435305512,2.6645518163393174,10603.04588948062
Acer,2.2682249123157163,32,1000,15.496556035884852,2.168486029709939,32837.375721584285
Asus,3.5075647445816585,8,256,13.586674430582029,2.7669172813860845,9681.81450367459
HP,2.847903191688136,4,256,11.525291984166683,3.5826909469982597,9197.983310634145
Dell,2.278269247890009,4,1000,12.696806784022998,2.51478910119557,31150.46348912145
HP,3.025834458277296,32,256,13.511493713188935,2.5023792335539654,10601.345449746037
Dell,3.290376685557984,16,512,12.755098552857511,3.387780641315459,17524.667582559297
Asus,2.1815600018338346,8,1000,12.993233425683929,2.099803913508075,31727.51669713056
Asus,2.5338727538133785,16,1000,12.762655437046345,2.3656642475968113,31925.076916907212
Acer,1.8047152333423688,16,512,11.248995003098477,3.2475840182238427,17030.91419141605
HP,1.9528733738367008,16,256,14.822568204946656,2.189389727623899,9636.022750232672
Acer,3.2027946349124568,4,1000,14.583754522120817,3.190265169366588,31471.246464932334
HP,1.9535958692390674,32,1000,14.920300990872084,3.422018797845335,32690.203161770078
Acer,2.8129084591676503,4,512,12.153859376201765,3.353799842219343,16815.944966357143
Lenovo,3.272615654306082,32,512,12.773927249674912,4.607524572209262,18247.31759738773
Lenovo,1.7671923077368596,8,256,14.717695561669533,3.5901873651551974,9384.527047699774
Lenovo,2.918280549072259,8,1000,14.597765410759528,3.40394138743413,32024.43102535619
Lenovo,2.1414069592534095,16,256,14.037981856125608,3.2321277361749985,9829.301900203085
Dell,3.9073171880939497,32,256,13.102479500061184,4.452870134913459,10424.744893239906
Lenovo,2.7088641167998118,32,512,16.47758602864814,4.685169811999499,18156.078113352567
Asus,3.5149813744378955,32,1000,13.038621453793063,4.559727407591353,32982.441006081084
Asus,2.8755663553906543,16,1000,13.73371493862351,4.020639734394173,31740.326520636645
Dell,1.6085313321370478,16,1000,15.068682985725253,2.4120852379060227,31723.780730332997
Lenovo,3.082878438985056,8,512,14.258128585200584,2.8306099084760366,17095.146166569753
Lenovo,3.8785083555166424,4,512,13.081315858186313,2.1381891910459325,16986.151280130784
Lenovo,3.004029550365828,32,512,13.613868742739058,4.792472224970343,18286.888598140027
Acer,3.5479721485669753,32,512,15.766884907121037,3.982395589072731,18168.942499709694
HP,3.7105161583710196,4,512,12.668774932919675,4.239088652939724,16921.031373659833
Acer,2.070199429872331,32,1000,11.853531438660893,2.9347152187466867,32752.145312705532
HP,2.030112099770567,16,256,12.878979210978663,4.536960566832027,9600.27269279034
Lenovo,3.0274524721274796,16,1000,16.097205292927406,2.7788098511254358,32289.025217302365
Lenovo,2.527571174516762,32,256,11.53393828913808,2.004931271337349,10573.858560372246
Acer,3.5996532571668007,16,512,16.95017644023471,3.129244887562082,17606.220337611598
Acer,3.750057808495028,16,256,14.246017393565975,3.71228444287722,10001.832841756577
HP,2.3835534482567953,32,1000,16.909074463802565,3.4361145738965675,32720.53241424944
Asus,2.092176397436205,8,1000,16.633978532515865,4.586228427729791,31551.206902054804
HP,3.4513137881096547,4,256,13.7168822852655,2.316215857868501,9110.314750358613
Acer,2.18701508887034,16,512,12.190946447632095,3.661470321901177,17517.692129962947
Acer,3.556535796284196,8,512,11.989308659390831,3.5389380494627223,17121.005091843883
Dell,2.559345634121907,16,1000,12.439936183219745,2.844178946516489,32245.014750269227
Acer,3.168874748228676,16,256,15.260795843387225,4.4666843377310315,9936.623236873858
Dell,1.7388382845866706,4,512,12.637699968388928,4.258545967646619,16440.8037442774
Asus,3.059648311691433,16,512,13.04855161762579,4.198577561995493,17541.13623887115
HP,2.629419196843073,4,1000,13.692672823967689,4.628577434808668,31615.395174517456
HP,2.9665211579386854,4,512,16.479396082528737,4.168353801864564,16925.69245689916
Dell,1.9200355193621585,4,256,12.136360507309076,2.6955238751441795,8994.58494573542
HP,3.342184362360455,8,1000,11.03015931565882,4.116688134949073,31637.58171576476
Acer,3.6569926938580712,32,1000,11.360578462269022,2.9231084401695315,33034.19966891077
Lenovo,2.041849500226939,8,256,16.42859805008071,2.7265239510424117,9337.256259297008
Dell,1.7392863888004042,32,1000,14.885098789060178,2.219010778698882,32607.605982930596
HP,1.559096465115841,32,512,12.63824371596684,4.23208574104303,17766.404122596145
Dell,3.104928751108165,4,512,12.063155006067147,4.133002885849434,17138.512921401118
Dell,3.0177350902219517,16,256,12.765600419822686,2.7034984330222813,9932.648143307568
Lenovo,2.866743531785175,4,512,11.68878156350768,4.248137050172468,16715.111346051184
Acer,2.079867740289939,16,256,16.649197461706645,4.75352264928066,9725.353722230924
Dell,2.4772649897637864,32,256,15.705237046191602,2.3240868724747377,10270.601136617244
HP,2.9861908379654327,4,512,13.774347061475243,2.697909915160325,16510.33181488892
Asus,2.7419171471479236,16,256,16.189775630691212,4.250782382261947,10026.49773571635
Dell,3.969463800537218,8,512,12.496749225759395,2.8235200205212347,17321.502772469725
Dell,1.8410993813918328,16,1000,15.302723410833162,3.8739919228511503,31925.993931369594
Lenovo,3.2378613851189844,4,1000,16.13679499408246,2.2434926733911436,31694.40469113412
Acer,2.5107969202607303,8,256,13.140612269739636,3.356607437310616,9956.631886857773
Asus,2.570499037314037,16,512,15.544786672704305,4.217274265978859,17616.64185550617
HP,3.2939944141454407,16,512,12.770434095585856,4.059541829129758,17324.524093174547
Asus,3.231090378310924,16,1000,12.793142811554185,4.44521630202742,31821.553490488932
HP,3.9781399842554706,16,1000,11.642343071325117,4.632356379809506,32493.058447151387
Acer,1.820985723635313,16,512,13.640348279056393,4.3195505037762745,17425.02777611643
HP,1.7602741234604158,8,256,15.378271438984534,4.014763228816777,9314.484774693694
Lenovo,3.3108470428218526,32,1000,16.64132483342771,2.0951674754480933,32911.46842429856
Lenovo,2.9459672925160225,8,256,14.622781951574577,3.604900020228332,9498.257175309209
Lenovo,2.185401666399515,8,256,16.178813226414434,2.1130931747445585,9174.856632312052
Lenovo,1.6985484224724665,8,1000,15.934967895741362,4.424203451348068,31646.72338510003
Asus,1.7141456239910764,32,256,12.040058317851685,2.962173573379873,10530.539936875919
Acer,3.7354771866602956,4,256,13.914904573475788,3.687288122353763,9259.826095812132
HP,1.9796683117968572,32,512,11.70154121315235,2.8383359219567077,18287.943159645933
HP,2.308428905288802,8,256,15.09291896936981,4.347500433140881,9323.03963602629
Lenovo,2.0666410055674698,16,512,16.699398009476454,4.659507579925707,17459.095727992164
Lenovo,2.3874907645798435,16,1000,11.822536748472539,3.195927482639192,31720.062940320866
Dell,1.6735596068652334,8,1000,15.403298784815249,4.588767180532967,31543.333126455003
Acer,2.797649477270676,16,512,14.793428905207165,2.801225022368997,17352.269345851655
Asus,1.6690314089805374,8,1000,14.501630222048599,3.6039827692265716,31582.725749347646
HP,3.500891269555904,16,256,13.340721408130035,4.576284289516112,10194.662373108873
Dell,2.0842802047760824,32,256,13.130789886522876,2.9776440278473713,10487.59944027047
Dell,2.8500297865112767,4,256,11.271495134113326,4.862126795234257,8946.643610745541
HP,3.7001977189036457,4,1000,12.307452249512082,2.365638505344151,31787.82542207305
Asus,3.127193422617985,32,256,11.091061293720962,2.054825209170519,10687.069407463854
Dell,2.8323944663783385,32,1000,14.488502633492123,4.712406057734572,33320.84523464822
Dell,2.310834382788439,8,256,11.635119415267454,2.2059459984436165,9303.60339705879
Acer,2.3325047826454948,8,512,16.238116364178296,4.975667587842475,16884.41160968943
Asus,3.173717387995475,8,1000,14.138858124182992,4.854190585937318,31923.10697935266
Dell,3.9853484030529187,16,1000,15.198139454352251,2.411062730108962,32351.38622793542
Asus,3.1545979746234467,8,256,13.465142551042979,3.6127538770776972,9460.145105117126
HP,2.8944585434250625,32,1000,14.363478854006292,2.554760892401433,32754.91847076602
Lenovo,3.326626275598115,4,1000,16.655955061799784,3.2844655190903596,31641.11273860403
Dell,2.663014030709295,16,512,11.496404237742025,2.184275387779498,17406.84907651699
Acer,1.650355856501963,8,512,12.523626631542177,2.6717737633897687,16788.156231149962
HP,2.9057420396947746,16,256,15.679929961463266,3.0898183891966986,9725.671350790091
Asus,3.8940632112634503,16,512,11.592423241295995,3.3159425007381644,17695.147508140286
HP,1.9382573558941492,8,256,11.453966623424666,4.9324887746266795,8962.71143253269
Dell,3.225012227051664,16,256,13.169248392524231,4.4235969370519435,9612.3525237855
Asus,2.002334221647641,4,256,11.553007750834594,4.212229832935838,9111.31193516215
Lenovo,2.8395692111827033,32,1000,14.510470653237219,3.611123944225923,33045.56205147648
HP,1.741691124116799,32,512,12.357651504899598,4.51999328181303,17748.770425967152
Dell,2.625927340645463,4,256,16.374187779196234,3.0179685069671334,8836.578529356853
Acer,3.390408322238115,16,512,15.701000485071539,4.126697338319948,17409.086291686537
Asus,2.3689288105974553,8,256,15.198231236596857,4.981351926134517,9282.277068695445
HP,3.162279311218045,16,512,14.701664164307012,2.943886726805596,17787.920193214795
HP,3.488624901974323,4,512,16.18079438204878,4.022052604651902,17010.571428426818
Lenovo,3.8179445486986316,16,256,12.338372369256541,4.532944592457147,9791.15470145468
Lenovo,2.0866052046386336,32,1000,16.238653056585367,4.747422750052017,32824.33712037552
Acer,2.4982897895232705,16,512,15.736953790544314,4.153798072820305,17410.05582993742
Acer,1.8810400333260435,4,1000,15.488964958326113,2.8508237702514085,31081.277606638618
Dell,3.981208755395938,32,1000,14.367534068449544,2.978846454706839,32878.791390917366
Dell,3.8175024198107383,16,256,12.4774649658236,2.0622740963718926,9702.787541891841
Acer,2.849892825701399,16,256,13.541287495951378,4.282657933014529,10273.94804271075
Acer,3.605083235941053,32,256,15.761423927232808,2.128218818185854,10966.959225605731
Asus,2.802394943180105,8,512,11.190670906143946,4.5939570638082365,16879.609624413744
Lenovo,3.0589642200068994,32,256,15.69230461558255,2.355981843423616,10903.73248244458
Dell,1.7228110802900416,8,256,12.4404244429254,2.515629536407773,9034.603152020145
Lenovo,3.38817605124202,4,512,11.865855204329618,3.429579412496712,17155.69259960478
Lenovo,1.8192837090880871,4,512,11.694207909081813,4.213641245506227,16631.665778958082
Acer,3.565169075631321,32,256,11.16350007170489,2.417006615597233,10560.36350044493
Asus,3.4550702191759646,32,256,14.141518911328717,3.3202132251994954,10856.606358975563
HP,3.271861744357441,4,256,12.309559236162377,3.4485538232303146,9273.581909907169
Asus,1.5904009513119053,8,256,16.93659059467779,2.636856925005774,9290.096987341743
Asus,2.2578208898633214,4,1000,14.446620535233235,2.3466751300418953,31460.13124201373
Lenovo,2.157781424777107,32,1000,11.827311616136063,4.509262768956919,32764.01284416276
Asus,2.4003410186787977,4,256,15.132575244868192,3.507396949288297,9287.756516757589
Dell,1.7191068669095964,32,1000,16.38646139905835,2.043143707952459,33267.88053404709
Lenovo,3.842394557577657,32,512,15.471076972217686,4.4089439039273115,18743.569392030524
Dell,2.8845056017809405,4,1000,11.458639166236686,4.942381416243754,31500.579121575098
HP,2.263810776645059,8,1000,16.375305087155958,3.817778586242742,31579.969088229787
Lenovo,2.4924537926857084,16,256,15.763576315159789,3.5111251612522123,9718.504049627418
HP,2.618006351262089,4,1000,11.949823400633687,4.6352475891348845,31165.01940345165
Lenovo,3.001485833401543,16,1000,11.310715332396901,4.857550369053795,32210.84467814835
Acer,2.789198569241244,4,1000,14.343863451885852,4.263610747707382,31299.096337077222
Asus,3.7984799330360435,16,1000,11.936214868039862,3.3363587892028637,32190.565833666125
Acer,2.7424087072645755,8,512,16.00754571557163,3.7766641979943216,17224.935754364804
HP,3.9803950370582815,8,256,13.150007940030044,4.102806095053998,9550.586044502412
Asus,3.6285623943627394,4,256,16.47735466841945,2.5828207130054044,9310.97376700503
Lenovo,2.0212762858933395,32,512,14.394129032846035,3.341603096649314,17879.225669647967
Asus,3.8264880366097906,16,1000,12.096034305438009,4.489463794151855,32503.38900195016
Dell,1.7909159947136901,32,512,11.8375932041588,3.964176045495329,17848.648929480383
Asus,3.543624271227979,32,1000,14.458834625346523,3.2336122016355624,32948.390259346575
Dell,2.45155823369145,32,512,15.571301671174663,3.990087602044044,17863.49092017457
Asus,3.6949358011126736,8,256,15.689033886453092,2.3546672362173795,9605.248956027845
Dell,3.6701417252686257,4,256,12.654544426647687,3.204492831694629,9268.415327997422
HP,3.514813500294053,4,256,12.225480553473005,4.379385613889169,9320.050038383062
Acer,3.4750760907676534,8,1000,11.100537826954294,2.661526361409944,31555.484375687003
Lenovo,2.261697847745102,8,1000,15.075194907207017,2.557884522672253,31775.100781173467
Asus,1.7022982076281306,4,512,11.459409550601233,4.852455979749294,16213.281162170935
Acer,2.5074504469129035,32,512,13.524567210595555,2.629692888758692,18187.249004710422
Lenovo,1.9338112874662716,16,256,14.610092984109777,2.782755738950504,9654.234216413863
Lenovo,3.2373777222561544,16,1000,16.622653669518062,4.908847816713013,32242.39494101568
Dell,2.365249316344464,16,512,12.870812821734612,4.204125710795077,17379.97583682769
HP,3.939025502149787,32,1000,12.498632974679118,4.098789599070585,33254.52420078501
HP,3.10243019336333,4,1000,14.92496092571659,4.558779151563744,31838.33720666597
Acer,3.556201409085902,8,256,14.71543419232149,2.347469246710383,9530.952687533918
HP,1.8313116818546211,4,256,12.992658699848747,4.117868709740021,8771.368296242576
Asus,3.655036205681556,32,1000,16.56861101305872,3.5110658279847167,33239.412259576195
HP,3.806892976283486,8,1000,16.069173964937796,4.48745192085242,31881.83967839809
Acer,2.7176547970473397,32,1000,12.343895275190487,3.524425155995583,33108.08855567776
HP,3.0156323443774435,16,1000,12.43485527260714,3.8607240628067365,31992.823010825137
Asus,3.4120245022574887,16,256,14.073802081322484,3.433226379198608,9737.946500559405
Dell,1.9370965681510315,32,512,15.64143261038432,3.4344767706675325,18154.66194832175
Acer,2.756415191158606,8,256,11.264242276330787,4.303909934185494,8965.445226169082
Dell,2.496657569430783,8,512,15.16001092240824,3.8856992019418497,16930.188997563248
Dell,1.8659349804056227,4,1000,14.889415384292581,3.8997896048282312,31266.009292397022
Dell,2.4188360557288284,16,512,12.388880575477929,3.3508474514945776,17402.130812294912
Lenovo,1.670430773463734,4,256,15.088118079448092,3.593328489012583,8780.660812137545
Lenovo,1.5645297673737175,4,256,16.641099147512495,4.237152998614362,8807.45631198526
Dell,1.8379157228870568,32,1000,11.280715069830611,4.477822757335755,32879.801956539945
Acer,3.9077877789729345,32,256,12.917912331752376,4.089684206432139,10776.326669448183
Asus,2.8738238397375424,4,1000,13.629060299998132,4.772218966537049,31672.55122106269
Asus,3.91455540288305,16,256,16.395562153548138,4.460972264441603,9937.855120726465
HP,2.5812446958253297,32,256,16.77356867965494,3.6855913694285554,10583.974206579704
Acer,2.279540332713149,4,1000,13.664691478977993,4.0142182179312105,31431.96659934872
Lenovo,2.7653546571006102,4,512,15.500170472853148,4.778924830763588,17224.796074094204
Dell,2.5987792215822756,4,256,14.189966142586897,3.8575041327291753,9101.456489806602
HP,1.76416171065436,4,512,14.226697608448259,4.474420843939492,16619.368307116365
Asus,3.1020657867255155,4,256,12.668597090398139,4.066431510769961,9432.751389592715
Lenovo,2.040095456273999,4,256,12.301737475183277,3.6558090831813996,8921.533462229636
Lenovo,3.048969887244574,32,256,12.728032075544247,2.7255145862460592,10674.025311431891
Dell,3.1255027309953833,16,256,14.337968043542476,3.2779925584052845,10061.27182276968
Asus,1.8800621328216203,4,512,11.174931116132534,4.903228474501147,16495.310389802176
Acer,1.6533740677766704,8,512,16.443493666138437,3.9732961498178003,16947.904214676655
Lenovo,3.4519039651710997,32,256,11.937702257298657,3.6931861410169686,11021.313118799026
Dell,2.6495010594233004,32,256,12.32053206122832,4.798869876584682,10692.58576411101
Acer,1.6454094887636894,4,512,14.109657058685878,3.759535343112346,16690.666299432294
Asus,3.9871657929244178,32,1000,15.260688598023677,3.578247555252209,33122.00019262631
Lenovo,1.6444514024909167,4,1000,11.574374328466384,4.277932565450616,31096.734785158038
Acer,3.237588072146383,16,512,12.906168185282972,4.137996856959633,17326.62382491818
Acer,3.959197313158534,16,256,16.81204763344614,2.579480025225298,10384.21040704151
Acer,2.097950260539814,32,256,12.574057800685674,3.4139248237223634,10680.026168958455
Lenovo,1.8556234217179903,32,1000,12.878300870378881,3.417546328458756,32563.092342958473
Lenovo,1.8034623485560721,8,1000,16.0189909437082,3.1346735457300343,31617.262952743706
HP,2.2581878689189887,32,512,11.301286590142732,3.5518804464567593,18124.40980082335
Asus,1.7526145275266167,8,1000,13.787679012853825,3.2393221931814327,31730.766356095402
Dell,3.23040335423533,16,512,13.277700586710022,2.5980364684135493,17622.2145575574
Acer,1.6557294953251567,16,1000,12.899520559451908,3.237099461824043,31852.20156348976
HP,2.7735553203744745,4,1000,12.714197564268588,2.2168308427195296,31378.489586473937
Dell,3.991742134632442,16,1000,11.548244629162456,3.7273575883232346,32360.21331265167
HP,3.534925673765047,8,256,12.888954976109893,4.560963646823335,9429.518083614452
Lenovo,3.038048595577527,32,256,11.258314416294011,4.175861253063665,10615.154383936717
Acer,2.2656340519665292,4,256,15.685783181866611,3.0811821201623335,9100.836436937352
Dell,3.0597395907290963,8,1000,13.38936676374807,2.261213616731925,31682.624741279436
Dell,2.817603659779129,32,512,13.66342299391947,2.606448197675812,18076.176555131093
Dell,2.5652084597259286,4,512,16.361567518700788,3.636471021484507,16966.747382653815
Dell,1.8267759418504987,16,512,14.948329903167323,2.6211712501490987,17306.624142207762
Dell,3.7165105381011667,8,512,11.048354620052718,3.6319193338549027,17545.434177776024
HP,2.6244616220533064,32,256,16.65904893776771,2.6947970742916967,10404.656364747576
Acer,1.9865562795519127,4,256,12.422866795866268,4.546771608428219,9105.360514190024
Lenovo,2.419398377193224,4,1000,11.645685108559153,3.1918144185213793,31368.34593981929
Lenovo,2.535324381322318,16,1000,15.608769070285293,2.736651877833473,32511.825418557146
Lenovo,3.5688447389171856,32,512,14.00286389520031,4.436978540741185,18519.25082369232
Lenovo,3.3340359514035054,16,256,13.602623396108106,3.0285168944163523,9953.512205585715
HP,3.4232622341033494,16,512,12.49701847809645,2.334463063516346,17555.22769875267
Asus,1.527578161071618,32,1000,14.284828939173913,3.711228474210925,32513.475715322566
Acer,2.5403849954494038,32,1000,12.646307631215524,3.7446926133139664,32885.83478410924
Dell,2.703360379088309,32,512,16.409498031722407,4.144087025707202,18010.960644367682
Asus,1.5479806920576418,8,1000,12.291226878399156,2.720658299625157,31160.957275266264
Lenovo,2.1495330218625854,32,512,16.306130902734523,3.3313140172767355,18385.20376962034
Asus,3.4007245578053373,4,256,14.356432554364142,2.847103757127969,8966.377697268257
Acer,1.8427742643224976,16,512,15.970928803371446,2.2428612083470645,17261.630105190296
Dell,2.8382753286314792,8,256,15.27707597516573,4.629841481047675,9197.072872167342
Dell,2.0380046800430938,32,256,15.180170668620491,4.186609413465023,10368.844116768447
Acer,1.5303019366097332,8,1000,12.946074846170335,2.904389178376402,31472.847052929457
Acer,2.1030036439988535,32,1000,12.40338158883322,3.798118978615959,32927.59822898311
Lenovo,3.9396843872751344,8,1000,12.265317366084728,2.6037913644034174,32150.73202907923
Dell,3.503842779707474,16,512,16.14314994235753,4.6707098653873125,17453.133812303007
Asus,3.8989416108025834,16,512,15.922560921554119,2.344719030085731,17641.599962965385
HP,2.719635109815906,4,1000,13.643441168073844,2.011511436523403,32307.190755401814
HP,1.7743404966937588,4,512,11.794427680978728,3.5060245932175462,16565.69346983908
Acer,2.8698987224342325,32,1000,13.29351351186475,3.749383470358608,32725.914020821376
Lenovo,2.6359433363999023,16,512,14.716060724821467,3.7368959608874133,17300.98076961925
HP,3.61089270684904,8,256,13.726418926879717,2.163535782313479,9506.243578822401
Dell,1.7452064519606114,8,256,15.68113561089797,2.9421314207552975,9134.695215844837
Acer,2.7206028425544453,8,1000,16.985736933508313,3.4975968405239954,31701.985314136837
Asus,1.8751216617349606,4,512,12.14679253069338,2.6497375568817225,16647.177496646727
Acer,2.31168981722515,8,512,13.757904917957434,4.617877656457689,16945.635712780964
Asus,3.3433926934694993,4,256,13.585903411524932,2.261327868384302,9106.686028786318
Acer,2.6900453234219164,4,256,12.826955196493705,3.4621533250161285,9213.792839595322
Acer,2.4397207128644234,32,1000,12.188573100321737,4.074248172539456,32815.18251283006
Acer,2.4861906964250884,8,256,11.394152698937955,2.7852533004034474,9376.584994369729
Asus,2.6486169210149666,8,1000,16.322715903342193,3.8727222109925545,31374.55966941488
Asus,3.462541359592642,16,256,13.519092186117906,4.488155450427124,9929.37740987491
Acer,3.730211722350586,32,256,13.981373111000293,2.5710109252851425,10382.840434256868
HP,3.8883367162598206,16,512,16.501652289205495,4.751661775474588,17685.069592386008
Lenovo,3.4672584656382375,32,256,15.657742865095686,3.660675597987074,10881.587053000307
Lenovo,2.288517239370032,8,256,11.783007584703105,2.8976960129031815,9453.54246975951
Lenovo,3.2203367652163553,4,1000,14.392519805646455,3.2925748261468124,31665.884013714134
Asus,2.59400781013848,4,256,13.653513659117355,2.936575651359164,9277.58422575505
Asus,2.1366765551151277,4,1000,15.783266435472576,4.175333479799948,31341.446312517986
HP,3.6021789485648066,4,256,15.345395285671696,4.3889019902453965,9261.621121538949
Lenovo,1.5960658724058125,4,256,15.142434331466433,4.498812176955983,9495.625371845676
Lenovo,3.754404980338559,16,1000,13.043269012879382,4.957304748757224,32427.605391210767
Acer,2.653693661561835,32,512,15.829782382395527,4.373852877490051,18028.999080892296
Asus,3.093003692020701,8,1000,11.314347773569168,3.80415221206569,31359.91338744827
Lenovo,3.148384805514457,16,1000,11.957749408593003,3.0176608951753514,32045.64145051028
HP,3.737794351766341,32,1000,13.01373963786747,3.633786346132248,33309.86950091103
HP,3.0916742054180184,4,512,11.460844646415687,2.1232045183712165,16896.06751963396
Lenovo,3.0348339619001545,32,256,12.40996566520815,4.234475226589739,10148.017388946038
Asus,1.6666301014017249,32,1000,15.980905897987508,3.3378666352763053,32684.106787249348
HP,2.79602005486301,4,1000,16.689509226740476,2.060069689196563,31571.913188565733
Acer,1.875422502042604,4,512,12.827614134645144,2.1875208245312323,16186.628098963016
HP,3.343584421803714,4,1000,12.587094823933029,3.1623993914652697,31593.668017334785
Dell,2.780554802031686,8,256,12.679355913478561,3.7502645570553055,9149.52183158709
Dell,3.2005694480208833,4,512,12.666314524105063,3.39261184685638,16552.404779460052
Asus,1.6041822515059607,8,256,11.215581093115837,3.8576129518764644,9407.473458677825
Lenovo,1.711980040114508,4,256,16.56149807798665,3.4408827763740675,8807.696701661907
